question,answer
"""What is the use of anxiolytics?""","""Anxiolytics are used to reduce anxiety and treat anxiety disorders."""
"""Can I get advice on mental health through Medamoove?""","""Yes, you can consult with mental health professionals and get advice on managing mental health through the app."""
"""What should I do if I have a sore throat?""","""Stay hydrated, use throat lozenges, and rest your voice. Consult a doctor if the soreness persists."""
"""Can Medamoove help me find an infectious disease specialist?""","""Yes, you can find and schedule appointments with infectious disease specialists through the app."""
"""What are the symptoms of a viral infection?""","""Symptoms include fever, fatigue, muscle aches, and respiratory issues."""
"""How do I find a nearby hospice using Medamoove?""","""Use the 'Mednearby' feature to locate nearby hospice services."""
"""What is the use of anti-inflammatory drugs?""","""Anti-inflammatory drugs are used to reduce inflammation and relieve pain."""
"""Can I get advice on bone health through Medamoove?""","""Yes, you can consult with specialists to get advice on maintaining bone health through the app."""
"""What should I do if I have an allergy?""","""Avoid the allergen, take antihistamines, and consult a doctor if necessary."""
"""Can Medamoove help me find a neonatologist?""","""Yes, you can find and schedule appointments with neonatologists through the app."""
"""What are the symptoms of food poisoning?""","""Symptoms include nausea, vomiting, diarrhea, and abdominal cramps."""
"""How do I find a nearby vaccination center using Medamoove?""","""Use the 'Mednearby' feature to locate nearby vaccination centers."""
"""What is the use of laxatives?""","""Laxatives are used to relieve constipation by stimulating bowel movements."""
"""Can I get advice on sleep disorders through Medamoove?""","""Yes, you can consult with sleep specialists and get advice on managing sleep disorders through the app."""
"""What should I do if I have a runny nose?""","""Stay hydrated, use tissues, and consider decongestants. Consult a doctor if the symptom persists."""
"""Can Medamoove help me find a radiologist?""","""Yes, you can find and schedule appointments with radiologists through the app."""
"""What are the symptoms of appendicitis?""","""Symptoms include sharp abdominal pain, nausea, vomiting, and fever."""
"""How do I find a nearby blood bank using Medamoove?""","""Use the 'Mednearby' feature to locate nearby blood banks."""
"""What is the use of NSAIDs?""","""Nonsteroidal anti-inflammatory drugs (NSAIDs) are used to reduce inflammation, pain, and fever."""
"""Can I get advice on managing migraines through Medamoove?""","""Yes, you can consult with neurologists and get advice on managing migraines through the app."""
"""What should I do if I have a dry cough?""","""Stay hydrated, use cough suppressants, and rest. Consult a doctor if the cough persists."""
"""Can Medamoove help me find a gynecologist?""","""Yes, you can find and schedule appointments with gynecologists through the app."""
"""What are the symptoms of acid reflux?""","""Symptoms include heartburn, regurgitation, and difficulty swallowing."""
"""How do I find a nearby urgent care center using Medamoove?""","""Use the 'Mednearby' feature to locate nearby urgent care centers."""
"""What is the use of ACE inhibitors?""","""ACE inhibitors are used to treat high blood pressure and heart failure."""
"""Can I get advice on managing arthritis through Medamoove?""","""Yes, you can consult with rheumatologists and get advice on managing arthritis through the app."""
"""What should I do if I have a skin infection?""","""Keep the area clean, apply topical antibiotics, and consult a doctor if necessary."""
"""Can Medamoove help me find an ophthalmologist?""","""Yes, you can find and schedule appointments with ophthalmologists through the app."""
"""What are the symptoms of conjunctivitis?""","""Symptoms include redness, itching, and discharge from the eyes."""
"""How do I find a nearby imaging center using Medamoove?""","""Use the 'Mednearby' feature to locate nearby imaging centers."""
"""What is the use of antacids?""","""Antacids are used to neutralize stomach acid and relieve heartburn and indigestion."""
"""Can I get advice on managing chronic fatigue through Medamoove?""","""Yes, you can consult with specialists and get advice on managing chronic fatigue through the app."""
"""What should I do if I have a sprain?""","""Rest, ice, compress, and elevate the injured area. Consult a doctor if the pain or swelling persists."""
"""Can Medamoove help me find a gastroenterologist?""","""Yes, you can find and schedule appointments with gastroenterologists through the app."""
"""What are the symptoms of gallstones?""","""Symptoms include abdominal pain, nausea, vomiting, and jaundice."""
"""How do I find a nearby surgical center using Medamoove?""","""Use the 'Mednearby' feature to locate nearby surgical centers."""
"""What is the use of antihypertensives?""","""Antihypertensives are used to treat high blood pressure and prevent complications like stroke and heart attack."""
"""Can I get advice on managing eczema through Medamoove?""","""Yes, you can consult with dermatologists and get advice on managing eczema through the app."""
"""What should I do if I have a toothache?""","""Rinse your mouth with warm water, use dental floss to remove any trapped food, and take pain relievers. Consult a dentist if the pain persists."""
"""Can Medamoove help me find a dentist?""","""Yes, you can find and schedule appointments with dentists through the app."""
"""What are the symptoms of high blood pressure?""","""Symptoms often include headaches, shortness of breath, and nosebleeds, although many people have no symptoms."""
"""How do I find a nearby cardiology center using Medamoove?""","""Use the 'Mednearby' feature to locate nearby cardiology centers."""
"""What is the use of anticonvulsants?""","""Anticonvulsants are used to prevent and control seizures."""
"""Can I get advice on managing depression through Medamoove?""","""Yes, you can consult with mental health professionals and get advice on managing depression through the app."""
"""What should I do if I have a burn?""","""Cool the burn with running water, cover it with a sterile dressing, and avoid applying creams or ointments. Seek medical attention if necessary."""
"""Can Medamoove help me find a dermatologist?""","""Yes, you can find and schedule appointments with dermatologists through the app."""
"""What are the symptoms of bronchitis?""","""Symptoms include a persistent cough, mucus production, fatigue, shortness of breath, and chest discomfort."""
"""How do I find a nearby pharmacy using Medamoove?""","""Use the 'Mednearby' feature to locate nearby pharmacies."""
"""What is the use of antispasmodics?""","""Antispasmodics are used to relieve muscle spasms in the digestive system, bladder, and uterus."""
"""Can I get advice on managing allergies through Medamoove?""","""Yes, you can consult with allergists and get advice on managing allergies through the app."""
"""What should I do if I have a sinus infection?""","""Stay hydrated, use a humidifier, and take over-the-counter decongestants. Consult a doctor if symptoms persist."""
"""Can Medamoove help me find an ENT specialist?""","""Yes, you can find and schedule appointments with ENT specialists through the app."""
"""What are the symptoms of a yeast infection?""","""Symptoms include itching, burning, and discharge in the affected area."""
"""How do I find a nearby emergency room using Medamoove?""","""Use the 'Mednearby' feature to locate nearby emergency rooms."""
"""What is the use of diuretics?""","""Diuretics are used to reduce excess fluid in the body and treat conditions like high blood pressure and edema."""
"""Can I get advice on managing stress through Medamoove?""","""Yes, you can consult with mental health professionals and get advice on managing stress through the app."""
"""What should I do if I have a muscle spasm?""","""Stretch and massage the muscle, apply heat or cold, and stay hydrated. Consult a doctor if spasms persist."""
"""Can Medamoove help me find a nephrologist?""","""Yes, you can find and schedule appointments with nephrologists through the app."""
"""What are the symptoms of gout?""","""Symptoms include intense joint pain, inflammation, redness, and tenderness in the affected area."""
"""How do I find a nearby therapy center using Medamoove?""","""Use the 'Mednearby' feature to locate nearby therapy centers."""
"""What is the use of antidepressants?""","""Antidepressants are used to treat depression and anxiety disorders by balancing chemicals in the brain."""
"""Can I get advice on managing insomnia through Medamoove?""","""Yes, you can consult with sleep specialists and get advice on managing insomnia through the app."""
"""What should I do if I have a urinary tract infection?""","""Drink plenty of water, avoid irritants like caffeine and alcohol, and consult a doctor for antibiotics."""
"""Can Medamoove help me find a dietitian?""","""Yes, you can find and schedule appointments with dietitians through the app."""
"""What are the symptoms of anemia?""","""Symptoms include fatigue, weakness, pale skin, and shortness of breath."""
"""How do I find a nearby laboratory using Medamoove?""","""Use the 'Mednearby' feature to locate nearby laboratories."""
"""What is the use of bronchodilators?""","""Bronchodilators are used to relax muscles in the airways and increase airflow to the lungs, commonly used for asthma."""
"""Can I get advice on managing asthma through Medamoove?""","""Yes, you can consult with pulmonologists and get advice on managing asthma through the app."""
"""What should I do if I have a fever?""","""Stay hydrated, rest, and take antipyretics like acetaminophen. Consult a doctor if the fever persists or is very high."""
"""Can Medamoove help me find a chiropractor?""","""Yes, you can find and schedule appointments with chiropractors through the app."""
"""What are the symptoms of tuberculosis?""","""Symptoms include a persistent cough, chest pain, weight loss, night sweats, and fever."""
"""How do I find a nearby wellness center using Medamoove?""","""Use the 'Mednearby' feature to locate nearby wellness centers."""
"""What is the use of corticosteroids?""","""Corticosteroids are used to reduce inflammation and treat conditions like asthma, arthritis, and allergies."""
"""Can I get advice on managing diabetes through Medamoove?""","""Yes, you can consult with endocrinologists and get advice on managing diabetes through the app."""
"""What should I do if I have a cold?""","""Stay hydrated, rest, use over-the-counter medications, and consult a doctor if necessary."""
"""Can Medamoove help me find a neurologist?""","""Yes, you can find and schedule appointments with neurologists through the app."""
"""What are the symptoms of meningitis?""","""Symptoms include severe headache, fever, stiff neck, sensitivity to light, and nausea."""
"""How do I find a nearby hospice using Medamoove?""","""Use the 'Mednearby' feature to locate nearby hospices."""
"""What is the use of antibiotics?""","""Antibiotics are used to treat bacterial infections by killing or inhibiting the growth of bacteria."""
"""Can I get advice on managing heartburn through Medamoove?""","""Yes, you can consult with gastroenterologists and get advice on managing heartburn through the app."""
"""What should I do if I have a bee sting?""","""Remove the stinger, wash the area with soap and water, apply a cold compress, and take over-the-counter pain relievers if necessary. Seek medical help if you experience severe reactions."""
"""Can Medamoove help me find an endodontist?""","""Yes, you can find and schedule appointments with endodontists through the app."""
"""What are the symptoms of a urinary tract infection (UTI)?""","""Symptoms include frequent urination, burning sensation during urination, cloudy or strong-smelling urine, and pelvic pain."""
"""How do I find a nearby dialysis center using Medamoove?""","""Use the 'Mednearby' feature to locate nearby dialysis centers."""
"""What is the use of antiviral medications?""","""Antiviral medications are used to treat viral infections by inhibiting the replication of viruses in the body."""
"""Can I get advice on managing high cholesterol through Medamoove?""","""Yes, you can consult with cardiologists and get advice on managing high cholesterol through the app."""
"""What should I do if I have a bee allergy?""","""Seek immediate medical attention if you experience symptoms of an allergic reaction such as difficulty breathing, swelling of the face or throat, or a rapid heartbeat."""
"""Can Medamoove help me find a plastic surgeon?""","""Yes, you can find and schedule appointments with plastic surgeons through the app."""
"""What are the symptoms of anemia?""","""Symptoms include fatigue, weakness, pale skin, shortness of breath, dizziness, and cold hands and feet."""
"""How do I find a nearby orthopedic clinic using Medamoove?""","""Use the 'Mednearby' feature to locate nearby orthopedic clinics."""
"""What is the use of antacids?""","""Antacids are used to neutralize stomach acid and provide relief from heartburn, acid reflux, and indigestion."""
"""Can I get advice on managing acid reflux through Medamoove?""","""Yes, you can consult with gastroenterologists and get advice on managing acid reflux through the app."""
"""What should I do if I have a spider bite?""","""Clean the bite area with soap and water, apply a cold compress, elevate the affected area, and take over-the-counter pain relievers if necessary. Seek medical attention if the bite becomes infected or if you experience severe symptoms."""
"""Can Medamoove help me find a pain management specialist?""","""Yes, you can find and schedule appointments with pain management specialists through the app."""
"""What are the symptoms of fibromyalgia?""","""Symptoms include widespread musculoskeletal pain, fatigue, sleep disturbances, and mood issues."""
"""How do I find a nearby mental health clinic using Medamoove?""","""Use the 'Mednearby' feature to locate nearby mental health clinics."""
"""What is the use of proton pump inhibitors (PPIs)?""","""Proton pump inhibitors are used to reduce stomach acid production and treat conditions like gastroesophageal reflux disease (GERD) and peptic ulcers."""
"""Can I get advice on managing GERD through Medamoove?""","""Yes, you can consult with gastroenterologists and get advice on managing GERD through the app."""
"""What should I do if I have a wasp sting?""","""Wash the sting site with soap and water, apply a cold compress, and take over-the-counter pain relievers. Seek medical help if you experience severe reactions."""
"""Can Medamoove help me find a sports medicine specialist?""","""Yes, you can find and schedule appointments with sports medicine specialists through the app."""
"""What are the symptoms of migraines?""","""Symptoms include severe headache, nausea, vomiting, and sensitivity to light and sound."""
"""How do I find a nearby chiropractic clinic using Medamoove?""","""Use the 'Mednearby' feature to locate nearby chiropractic clinics."""
"""What is the use of corticosteroid creams?""","""Corticosteroid creams are used to reduce inflammation and relieve itching, redness, and swelling associated with various skin conditions such as eczema and psoriasis."""
"""Can I get advice on managing psoriasis through Medamoove?""","""Yes, you can consult with dermatologists and get advice on managing psoriasis through the app."""
"""What should I do if I have a jellyfish sting?""","""Rinse the affected area with vinegar, remove tentacles with tweezers, soak the area in hot water, and seek medical attention if necessary."""
"""Can Medamoove help me find a sleep specialist?""","""Yes, you can find and schedule appointments with sleep specialists through the app."""
"""What are the symptoms of sleep apnea?""","""Symptoms include loud snoring, episodes of breathing cessation during sleep, abrupt awakenings accompanied by shortness of breath, and daytime fatigue."""
"""How do I find a nearby acupuncture clinic using Medamoove?""","""Use the 'Mednearby' feature to locate nearby acupuncture clinics."""
"""What is the use of muscle relaxants?""","""Muscle relaxants are used to relieve muscle spasms, pain, and stiffness caused by conditions such as muscle strains, sprains, and injuries."""
"""Can I get advice on managing muscle spasms through Medamoove?""","""Yes, you can consult with healthcare professionals and get advice on managing muscle spasms through the app."""
"""What should I do if I have a jellyfish allergy?""","""Seek immediate medical attention if you experience symptoms of an allergic reaction such as difficulty breathing, swelling of the face or throat, or a rapid heartbeat."""
"""Can Medamoove help me find a gastroenterologist?""","""Yes, you can find and schedule appointments with gastroenterologists through the app."""
"""What are the symptoms of Crohn's disease?""","""Symptoms include abdominal pain, diarrhea, fatigue, weight loss, and malnutrition."""
"""How do I find a nearby massage therapy center using Medamoove?""","""Use the 'Mednearby' feature to locate nearby massage therapy centers."""
"""What is the use of oral contraceptives?""","""Oral contraceptives, also known as birth control pills, are used to prevent pregnancy by inhibiting ovulation and altering the cervical mucus to prevent sperm from reaching the egg."""
"""Can I get advice on managing birth control through Medamoove?""","""Yes, you can consult with gynecologists and get advice on managing birth control options through the app."""
"""What should I do if I have a jellyfish sting?""","""Rinse the affected area with vinegar, remove"
"""What is the use of beta-blockers?""","""Beta-blockers are used to treat various conditions such as high blood pressure, angina, and irregular heart rhythms by blocking the effects of adrenaline on the heart."""
"""Can I get advice on managing hypertension through Medamoove?""","""Yes, you can consult with cardiologists and get advice on managing hypertension through the app."""
"""What should I do if I have a jellyfish sting?""","""Rinse the affected area with vinegar, remove tentacles using tweezers, soak the area in hot water, and seek medical assistance if necessary."""
"""Can Medamoove help me find a fertility specialist?""","""Yes, you can find and schedule appointments with fertility specialists through the app."""
"""What are the symptoms of endometriosis?""","""Symptoms include pelvic pain, heavy menstrual bleeding, infertility, and pain during intercourse."""
"""How do I find a nearby women's health clinic using Medamoove?""","""Use the 'Mednearby' feature to locate nearby women's health clinics."""
"""What is the use of intravenous fluids?""","""Intravenous fluids are used to replenish fluids, electrolytes, and nutrients in patients who cannot consume them orally due to dehydration, surgery, or other medical conditions."""
"""Can I get advice on managing dehydration through Medamoove?""","""Yes, you can consult with healthcare professionals and get advice on managing dehydration through the app."""
"""What should I do if I have a wasp sting?""","""Clean the sting area with soap and water, apply a cold compress, elevate the affected area, and take over-the-counter pain relievers if necessary. Seek medical help if you experience severe reactions."""
"""Can Medamoove help me find a vascular surgeon?""","""Yes, you can find and schedule appointments with vascular surgeons through the app."""
"""What are the symptoms of peripheral artery disease (PAD)?""","""Symptoms include leg pain or cramping during activity, numbness or weakness in the legs, coldness in the lower leg or foot, and sores on the toes, feet, or legs that won't heal."""
"""How do I find a nearby wound care center using Medamoove?""","""Use the 'Mednearby' feature to locate nearby wound care centers."""
"""What is the use of wound dressings?""","""Wound dressings are used to protect wounds from infection, absorb excess fluid, and promote healing by creating a moist environment."""
"""Can I get advice on wound care through Medamoove?""","""Yes, you can consult with healthcare professionals and get advice on wound care through the app."""
"""What should I do if I have a cat scratch?""","""Wash the affected area with soap and water, apply an antiseptic, and cover the wound with a sterile bandage. Seek medical attention if the scratch is deep or becomes infected."""
"""Can Medamoove help me find a pediatrician?""","""Yes, you can find and schedule appointments with pediatricians through the app."""
"""What are the symptoms of croup in children?""","""Symptoms include a barking cough, hoarseness, difficulty breathing, and a harsh, high-pitched sound when breathing in."""
"""How do I find a nearby pediatric urgent care using Medamoove?""","""Use the 'Mednearby' feature to locate nearby pediatric urgent care centers."""
"""What is the use of nebulizers?""","""Nebulizers are used to deliver medication in the form of a mist that can be inhaled into the lungs, commonly used to treat respiratory conditions such as asthma and chronic obstructive pulmonary disease (COPD)."""
"""Can I get advice on managing childhood asthma through Medamoove?""","""Yes, you can consult with pediatric pulmonologists and get advice on managing childhood asthma through the app."""
"""What should I do if my child has a fever?""","""Keep your child hydrated, dress them lightly, and give them acetaminophen or ibuprofen if necessary. Monitor their temperature and seek medical attention if the fever persists or is accompanied by other concerning symptoms."""
"""Can Medamoove help me find a lactation consultant?""","""Yes, you can find and schedule appointments with lactation consultants through the app."""
"""What are the symptoms of mastitis?""","""Symptoms include breast pain, swelling, redness, warmth, and flu-like symptoms such as fever and chills."""
"""How do I find a nearby breastfeeding support group using Medamoove?""","""Use the 'Mednearby' feature to locate nearby breastfeeding support groups."""
"""What is the use of breast pumps?""","""Breast pumps are used to extract breast milk for feeding babies when direct breastfeeding is not possible or to maintain milk supply."""
"""Can I get advice on breastfeeding through Medamoove?""","""Yes, you can consult with lactation consultants and get advice on breastfeeding techniques and concerns through the app."""
"""What should I do if my baby has diaper rash?""","""Change diapers frequently, keep the diaper area clean and dry, apply diaper rash cream or ointment, and give your baby diaper-free time. Consult a doctor if the rash persists or worsens."""
"""Can Medamoove help me find a midwife?""","""Yes, you can find and schedule appointments with midwives through the app."""
"""What are the symptoms of postpartum depression?""","""Symptoms include persistent feelings of sadness, anxiety, irritability, loss of interest in activities, changes in sleep or appetite"
"""What is the use of prenatal vitamins?""","""Prenatal vitamins are supplements containing essential vitamins and minerals, such as folic acid, iron, and calcium, that are important for a healthy pregnancy and fetal development."""
"""Can I get advice on managing morning sickness through Medamoove?""","""Yes, you can consult with obstetricians and get advice on managing morning sickness through the app."""
"""What should I do if I experience vaginal bleeding during pregnancy?""","""Contact your healthcare provider immediately if you experience any vaginal bleeding during pregnancy, as it could indicate a serious complication such as miscarriage or placental problems."""
"""Can Medamoove help me find a doula?""","""Yes, you can find and schedule appointments with doulas through the app."""
"""What are the symptoms of gestational diabetes?""","""Symptoms may include increased thirst, frequent urination, fatigue, blurred vision, and nausea. However, some women may not experience any symptoms."""
"""How do I find a nearby maternity hospital using Medamoove?""","""Use the 'Mednearby' feature to locate nearby maternity hospitals."""
"""What is the use of epidurals during labor?""","""Epidurals are a form of pain relief used during labor and delivery. They block pain signals from the nerves in the lower spine, providing pain relief while allowing the mother to remain alert and active during childbirth."""
"""Can I get advice on breastfeeding positions through Medamoove?""","""Yes, you can consult with lactation consultants and get advice on breastfeeding positions and techniques through the app."""
"""What should I do if my baby has trouble latching during breastfeeding?""","""Consult with a lactation consultant or healthcare provider for guidance on proper latching techniques and breastfeeding assistance devices, such as nipple shields or breast pumps."""
"""Can Medamoove help me find a pediatric dentist?""","""Yes, you can find and schedule appointments with pediatric dentists through the app."""
"""What are the symptoms of teething in babies?""","""Symptoms may include increased drooling, irritability, swollen gums, chewing on objects, and disrupted sleep patterns."""
"""How do I find a nearby pediatric dental clinic using Medamoove?""","""Use the 'Mednearby' feature to locate nearby pediatric dental clinics."""
"""What is the use of fluoride treatments for children?""","""Fluoride treatments are used to strengthen tooth enamel and prevent tooth decay in children."""
"""Can I get advice on infant oral hygiene through Medamoove?""","""Yes, you can consult with pediatric dentists and get advice on infant oral hygiene practices through the app."""
"""What should I do if my child knocks out a baby tooth?""","""Contact your child's dentist immediately for guidance. In the meantime, gently clean the area and apply pressure to control bleeding."""
"""Can Medamoove help me find a child psychologist?""","""Yes, you can find and schedule appointments with child psychologists through the app."""
"""What are the symptoms of autism spectrum disorder (ASD) in children?""","""Symptoms may include difficulty with social interaction, communication challenges, repetitive behaviors, and limited interests or activities."""
"""How do I find a nearby early intervention program using Medamoove?""","""Use the 'Mednearby' feature to locate nearby early intervention programs for children."""
"""What is the use of applied behavior analysis (ABA) therapy for children with autism?""","""ABA therapy is a therapeutic approach used to improve social, communication, and behavioral skills in children with autism through positive reinforcement and structured interventions."""
"""Can I get advice on managing behavioral challenges in children through Medamoove?""","""Yes, you can consult with child psychologists and behavior therapists and get advice on managing behavioral challenges in children through the app."""
"""What should I do if my child has a fever after receiving vaccinations?""","""Fever is a common side effect of vaccinations and usually resolves on its own within a few days. However, if your child's fever is high or accompanied by other concerning symptoms, consult with your healthcare provider."""
"""Can Medamoove help me find a speech-language pathologist?""","""Yes, you can find and schedule appointments with speech-language pathologists through the app."""
"""What are the symptoms of speech delay in children?""","""Symptoms may include limited vocabulary, difficulty forming sentences, unclear speech, and difficulty understanding or following directions for their age."""
"""How do I find a nearby speech therapy center using Medamoove?""","""Use the 'Mednearby' feature to locate nearby speech therapy centers."""
"""What is the use of augmentative and alternative communication (AAC) devices?""","""AAC devices are used to assist individuals with communication difficulties by supplementing or replacing speech with alternative methods such as symbols, pictures, or electronic devices."""
"""Can I get advice on promoting language development in toddlers through Medamoove?""","""Yes, you can consult with speech-language pathologists and get advice on promoting language development in toddlers through the app."""
"""What should I do if my child stutters?""","""Support your child by providing a relaxed and supportive environment for communication, modeling slow and clear speech, and avoiding criticism or pressure. Consult with a speech-language pathologist for further assessment and guidance."""
"""Can Medamoove help me find a developmental pediatrician?""","""Yes, you can find and schedule appointments with developmental pediatricians through the app."""
"""What are the symptoms of attention-deficit/hyperactivity disorder (ADHD) in children?""","""Symptoms may include difficulty focusing or paying attention, hyperactivity, impulsivity, disorganization, forgetfulness, and difficulty following instructions or completing tasks."""
"""How do I find a nearby early childhood education program using Medamoove?""","""Use the 'Mednearby' feature to locate nearby early childhood education programs."""
"""What is the use of behavioral therapy for children with ADHD?""","""Behavioral therapy aims to teach children with ADHD coping strategies, organizational skills, and behavior management techniques to improve attention, impulse control, and social skills."""
"""Can I get advice on creating a structured routine for children with ADHD through Medamoove?""","""Yes, you can consult with developmental pediatricians and behavior therapists and get advice on creating a structured routine for children with ADHD through the app."""
"""What is the use of proton pump inhibitors (PPIs)?""","""PPIs are medications used to reduce stomach acid production and treat conditions such as gastroesophageal reflux disease (GERD), ulcers, and gastritis."""
"""Can Medamoove help me find a gastroenterologist?""","""Yes, you can find and schedule appointments with gastroenterologists through the app."""
"""What are the symptoms of lactose intolerance?""","""Symptoms include bloating, gas, diarrhea, and abdominal pain after consuming dairy products."""
"""How do I find a nearby endoscopy center using Medamoove?""","""Use the 'Mednearby' feature to locate nearby endoscopy centers."""
"""What is the use of colonoscopies?""","""Colonoscopies are procedures used to examine the colon for abnormalities, such as polyps, inflammation, or cancer."""
"""Can I get advice on preparing for a colonoscopy through Medamoove?""","""Yes, you can receive guidance on the preparation process and dietary restrictions from healthcare professionals through the app."""
"""What should I do if I experience chest pain?""","""Seek immediate medical attention, as chest pain can be a symptom of a heart attack or other serious cardiac condition."""
"""Can Medamoove help me find a cardiologist?""","""Yes, you can find and schedule appointments with cardiologists through the app."""
"""What are the symptoms of a heart attack?""","""Symptoms may include chest pain or discomfort, shortness of breath, nausea, lightheadedness, and pain or discomfort in the arms, back, neck, jaw, or stomach."""
"""How do I find a nearby cardiac rehabilitation program using Medamoove?""","""Use the 'Mednearby' feature to locate nearby cardiac rehabilitation programs."""
"""What is the use of cardiac rehabilitation?""","""Cardiac rehabilitation programs are designed to help individuals recover from heart-related conditions or procedures by providing exercise training, education, and support for heart-healthy lifestyle changes."""
"""Can I get advice on managing high blood pressure through Medamoove?""","""Yes, you can consult with healthcare professionals and receive guidance on managing high blood pressure through the app."""
"""What should I do if I experience a sudden, severe headache?""","""Seek immediate medical attention, as it could be a sign of a serious medical condition such as a stroke or aneurysm."""
"""Can Medamoove help me find a neurologist?""","""Yes, you can find and schedule appointments with neurologists through the app."""
"""What are the symptoms of a stroke?""","""Symptoms may include sudden weakness or numbness of the face, arm, or leg, especially on one side of the body; confusion; trouble speaking or understanding speech; vision problems; dizziness; and severe headache."""
"""How do I find a nearby stroke center using Medamoove?""","""Use the 'Mednearby' feature to locate nearby stroke centers."""
"""What is the use of clot-busting medications for stroke treatment?""","""Clot-busting medications, such as tissue plasminogen activator (tPA), are used to dissolve blood clots and restore blood flow to the brain during an ischemic stroke."""
"""Can I get advice on preventing migraines through Medamoove?""","""Yes, you can consult with healthcare professionals and receive guidance on migraine prevention strategies through the app."""
"""What should I do if I experience sudden vision loss?""","""Seek immediate medical attention, as sudden vision loss could be a sign of a serious eye condition or neurological problem."""
"""Can Medamoove help me find an ophthalmologist?""","""Yes, you can find and schedule appointments with ophthalmologists through the app."""
"""What are the symptoms of glaucoma?""","""Symptoms may include gradual loss of peripheral vision, tunnel vision, blurred vision, halos around lights, and eye pain or redness."""
"""How do I find a nearby optometry clinic using Medamoove?""","""Use the 'Mednearby' feature to locate nearby optometry clinics."""
"""What is the use of intraocular pressure (IOP) measurements?""","""IOP measurements are used to screen for and monitor glaucoma, a group of eye conditions that can damage the optic nerve and lead to vision loss."""
"""Can I get advice on managing dry eyes through Medamoove?""","""Yes, you can consult with ophthalmologists and receive guidance on managing dry eye symptoms through the app."""
"""What should I do if I get something stuck in my eye?""","""Flush the eye with clean water or saline solution, blink several times, and try to remove the object gently with clean hands or a damp cotton swab. Seek medical attention if you cannot remove the object or if there is persistent pain or irritation."""
"""Can Medamoove help me find an ear, nose, and throat (ENT) specialist?""","""Yes, you can find and schedule appointments with ENT specialists through the app."""
"""What are the symptoms of sinusitis?""","""Symptoms may include nasal congestion, facial pain or pressure, postnasal drip, headache, cough, and fatigue."""
"""How do I find a nearby audiology clinic using Medamoove?""","""Use the 'Mednearby' feature to locate nearby audiology clinics."""
"""What is the use of audiograms?""","""Audiograms are tests used to evaluate hearing loss by measuring the softest sounds a person can hear at different pitches or frequencies."""
"""Can I get advice on preventing ear infections through Medamoove?""","""Yes, you can consult with healthcare professionals and receive guidance on preventing ear infections through the app."""
"""What should I do if I experience sudden hearing loss?""","""Seek immediate medical attention, as sudden hearing loss could be a sign of a serious medical condition that requires prompt treatment."""
"""Can Medamoove help me find a dermatologist?""","""Yes, you can find and schedule appointments with dermatologists through the app."""
"""What are the symptoms of eczema?""","""Symptoms may include dry, itchy, red, and inflamed skin, as well as rash-like patches on the skin."""
"""How do I find a nearby dermatology clinic using Medamoove?""","""Use the 'Mednearby' feature to locate nearby dermatology clinics."""
"""What is the use of emollients for eczema treatment?""","""Emollients are moisturizing agents used to soothe and hydrate dry, itchy skin in individuals with eczema."""
"""Can I get advice on managing acne through Medamoove?""","""Yes, you can consult with dermatologists and receive guidance on managing acne through the app."""
"""What should I do if I experience a severe allergic reaction?""","""Seek immediate medical attention, as severe allergic reactions (anaphylaxis) can be life-threatening and require prompt treatment with epinephrine."""
"""What is the use of antihistamines?""","""Antihistamines are medications used to relieve symptoms of allergies, such as sneezing, itching, and runny nose, by blocking the action of histamine in the body."""
"""Can Medamoove help me find an allergy specialist?""","""Yes, you can find and schedule appointments with allergy specialists through the app."""
"""What are the symptoms of hay fever?""","""Symptoms may include sneezing, runny or stuffy nose, itchy eyes, throat, or roof of the mouth, and fatigue."""
"""How do I find a nearby allergy clinic using Medamoove?""","""Use the 'Mednearby' feature to locate nearby allergy clinics."""
"""What is the use of allergy testing?""","""Allergy testing is used to identify specific allergens that trigger allergic reactions in individuals, helping to develop personalized treatment plans and allergy management strategies."""
"""Can I get advice on managing food allergies through Medamoove?""","""Yes, you can consult with allergists and receive guidance on managing food allergies through the app."""
"""What should I do if I experience an asthma attack?""","""Use your prescribed inhaler as directed, sit upright, and try to remain calm. If symptoms worsen or do not improve after using your inhaler, seek emergency medical attention."""
"""Can Medamoove help me find an asthma specialist?""","""Yes, you can find and schedule appointments with asthma specialists through the app."""
"""What are the symptoms of exercise-induced asthma?""","""Symptoms may include coughing, wheezing, shortness of breath, chest tightness, and fatigue during or after physical exertion."""
"""How do I find a nearby pulmonary function testing (PFT) lab using Medamoove?""","""Use the 'Mednearby' feature to locate nearby pulmonary function testing labs."""
"""What is the use of peak flow meters for asthma management?""","""Peak flow meters are handheld devices used to measure how well air moves out of the lungs, helping individuals with asthma monitor their lung function and manage their condition."""
"""Can I get advice on using inhalers effectively through Medamoove?""","""Yes, you can consult with healthcare professionals and receive guidance on using inhalers effectively through the app."""
"""What should I do if I experience shortness of breath?""","""Sit or lie down in a comfortable position, practice deep breathing exercises, and seek medical attention if shortness of breath is severe, persistent, or accompanied by chest pain or other concerning symptoms."""
"""Can Medamoove help me find a pulmonologist?""","""Yes, you can find and schedule appointments with pulmonologists through the app."""
"""What are the symptoms of chronic obstructive pulmonary disease (COPD)?""","""Symptoms may include chronic cough, shortness of breath, wheezing, chest tightness, frequent respiratory infections, and fatigue."""
"""How do I find a nearby respiratory therapy center using Medamoove?""","""Use the 'Mednearby' feature to locate nearby respiratory therapy centers."""
"""What is the use of oxygen therapy for COPD patients?""","""Oxygen therapy is used to deliver supplemental oxygen to individuals with COPD to improve oxygen levels in the blood, reduce symptoms, and improve quality of life."""
"""Can I get advice on managing sleep apnea through Medamoove?""","""Yes, you can consult with sleep specialists and receive guidance on managing sleep apnea through the app."""
"""What should I do if I experience excessive daytime sleepiness?""","""Practice good sleep hygiene habits, maintain a regular sleep schedule, and seek medical evaluation if excessive daytime sleepiness persists despite adequate sleep or is accompanied by other symptoms."""
"""Can Medamoove help me find a sleep center for sleep studies?""","""Yes, you can find and schedule appointments for sleep studies at accredited sleep centers through the app."""
"""What are the symptoms of narcolepsy?""","""Symptoms may include excessive daytime sleepiness, sudden loss of muscle tone (cataplexy), hallucinations, sleep paralysis, and disrupted nighttime sleep."""
"""How do I find a nearby dental sleep medicine clinic using Medamoove?""","""Use the 'Mednearby' feature to locate nearby dental sleep medicine clinics."""
"""What is the use of continuous positive airway pressure (CPAP) therapy for sleep apnea?""","""CPAP therapy uses a machine to deliver a continuous flow of air through a mask worn over the nose or mouth during sleep, helping to keep the airway open and prevent apnea events."""
"""Can I get advice on improving sleep quality through Medamoove?""","""Yes, you can consult with sleep specialists and receive guidance on improving sleep quality through the app."""
"""What should I do if I experience persistent fatigue despite getting enough sleep?""","""Evaluate lifestyle factors, such as stress, diet, and physical activity levels, and consider seeking medical evaluation for underlying medical conditions that may contribute to persistent fatigue."""
"""Can Medamoove help me find a psychiatrist?""","""Yes, you can find and schedule appointments with psychiatrists through the app."""
"""What are the symptoms of depression?""","""Symptoms may include persistent sadness, feelings of hopelessness or worthlessness, loss of interest in activities, changes in appetite or weight, sleep disturbances, fatigue, and difficulty concentrating or making decisions."""
"""How do I find a nearby mental health support group using Medamoove?""","""Use the 'Mednearby' feature to locate nearby mental health support groups."""
"""What is the use of antidepressant medications for depression treatment?""","""Antidepressants are medications used to alleviate symptoms of depression by balancing neurotransmitters in the brain."""
"""Can I get advice on managing anxiety through Medamoove?""","""Yes, you can consult with psychiatrists and receive guidance on managing anxiety through the app."""
"""What should I do if I experience a panic attack?""","""Practice deep breathing exercises, focus on grounding techniques, and seek support from trusted individuals. If panic attacks are recurrent or interfere with daily functioning, consider seeking professional help."""
"""Can Medamoove help me find a psychologist?""","""Yes, you can find and schedule appointments with psychologists through the app."""
"""What are the symptoms of generalized anxiety disorder (GAD)?""","""Symptoms may include excessive worry or anxiety about various aspects of life, restlessness, irritability, muscle tension, difficulty concentrating, and sleep disturbances."""
"""How do I find a nearby counseling center using Medamoove?""","""Use the 'Mednearby' feature to locate nearby counseling centers."""
"""What is the use of benzodiazepines for anxiety treatment?""","""Benzodiazepines are medications that can provide short-term relief from anxiety symptoms by enhancing the effects of a neurotransmitter called gamma-aminobutyric acid (GABA) in the brain."""
"""Can Medamoove help me find a counselor for anxiety management?""","""Yes, you can find and schedule appointments with counselors specializing in anxiety management through the app."""
"""What are the symptoms of obsessive-compulsive disorder (OCD)?""","""Symptoms may include intrusive thoughts or urges (obsessions) and repetitive behaviors or mental acts (compulsions) performed in response to those obsessions."""
"""How do I find a nearby support group for OCD using Medamoove?""","""Use the 'Mednearby' feature to locate nearby support groups for OCD."""
"""What is the use of exposure and response prevention (ERP) therapy for OCD treatment?""","""ERP therapy is a type of cognitive-behavioral therapy (CBT) that involves gradually exposing individuals to feared situations or triggers while refraining from engaging in compulsive behaviors, helping to reduce anxiety and compulsive behaviors over time."""
"""Can I get advice on managing panic disorder through Medamoove?""","""Yes, you can consult with mental health professionals and receive guidance on managing panic disorder through the app."""
"""What should I do if I experience a flashback from past trauma?""","""Practice grounding techniques, such as focusing on your surroundings or engaging in sensory activities, and seek support from a trusted individual or mental health professional."""
"""Can Medamoove help me find a therapist specializing in trauma therapy?""","""Yes, you can find and schedule appointments with therapists specializing in trauma therapy through the app."""
"""What are the symptoms of post-traumatic stress disorder (PTSD)?""","""Symptoms may include intrusive memories or flashbacks of traumatic events, avoidance of reminders of the trauma, negative changes in mood or thoughts, and heightened arousal or reactivity."""
"""How do I find a nearby trauma-informed yoga class using Medamoove?""","""Use the 'Mednearby' feature to locate nearby trauma-informed yoga classes."""
"""What is the use of eye movement desensitization and reprocessing (EMDR) therapy for PTSD treatment?""","""EMDR therapy is a psychotherapy approach that involves processing distressing memories and emotions associated with traumatic events while engaging in bilateral stimulation, such as eye movements or taps, to facilitate healing and resolution."""
"""Can I get advice on managing stress through Medamoove?""","""Yes, you can consult with mental health professionals and receive guidance on stress management techniques through the app."""
"""What should I do if I experience burnout from work or caregiving responsibilities?""","""Prioritize self-care activities, set boundaries, delegate tasks when possible, and seek support from colleagues, friends, or family members. If burnout symptoms persist, consider seeking professional help."""
"""Can Medamoove help me find a life coach?""","""Yes, you can find and schedule appointments with life coaches through the app."""
"""What are the symptoms of attention-deficit/hyperactivity disorder (ADHD) in adults?""","""Symptoms may include difficulty focusing or completing tasks, impulsivity, restlessness, disorganization, forgetfulness, and difficulty managing time or priorities."""
"""How do I find a nearby ADHD support group using Medamoove?""","""Use the 'Mednearby' feature to locate nearby ADHD support groups."""
"""What is the use of stimulant medications for ADHD treatment?""","""Stimulant medications, such as methylphenidate or amphetamine derivatives, are commonly prescribed to help improve attention, focus, and impulse control in individuals with ADHD."""
"""Can I get advice on improving executive functioning skills through Medamoove?""","""Yes, you can consult with mental health professionals and receive guidance on improving executive functioning skills through the app."""
"""What should I do if I experience difficulties with time management?""","""Utilize strategies such as creating to-do lists, breaking tasks into smaller steps, using time-blocking techniques, and setting reminders or alarms to help improve time management skills."""
"""Can Medamoove help me find a cognitive-behavioral therapist?""","""Yes, you can find and schedule appointments with cognitive-behavioral therapists through the app."""
"""What are the symptoms of bipolar disorder?""","""Symptoms may include alternating periods of elevated mood or mania, characterized by increased energy, impulsivity, and grandiosity, and periods of depression, characterized by low mood, fatigue, and feelings of worthlessness."""
"""How do I find a nearby mood disorder clinic using Medamoove?""","""Use the 'Mednearby' feature to locate nearby mood disorder clinics."""
"""What is the use of mood stabilizers for bipolar disorder treatment?""","""Mood stabilizers are medications used to help stabilize mood fluctuations and prevent episodes of mania or depression in individuals with bipolar disorder."""
"""Can I get advice on developing coping strategies for mood swings through Medamoove?""","""Yes, you can consult with mental health professionals and receive guidance on developing coping strategies for mood swings through the app."""
"""What should I do if I experience suicidal thoughts?""","""Seek immediate help by contacting a crisis hotline, trusted friend or family member, or mental health professional. You can also go to the nearest emergency room or call emergency services for assistance."""
"""Can Medamoove help me find a suicide prevention hotline?""","""Yes, you can find suicide prevention hotlines and resources through the app."""
"""What are the symptoms of schizophrenia?""","""Symptoms may include hallucinations, delusions, disorganized thinking or speech, reduced emotional expression, and impaired cognitive function."""
"""How do I find a nearby schizophrenia support group using Medamoove?""","""Use the 'Mednearby' feature to locate nearby schizophrenia support groups."""
"""What is the use of antipsychotic medications for schizophrenia treatment?""","""Antipsychotic medications are used to help manage symptoms of schizophrenia by targeting neurotransmitters in the brain and reducing the severity of hallucinations, delusions, and disorganized thinking."""
"""Can I get advice on developing social skills for individuals with schizophrenia through Medamoove?""","""Yes, you can consult with mental health professionals and receive guidance on developing social skills for individuals with schizophrenia through the app."""
"""What should I do if I experience auditory hallucinations?""","""Practice grounding techniques, such as focusing on your surroundings or engaging in calming activities, and seek support from a trusted individual or mental health professional."""
"""Can Medamoove help me find a psychiatric rehabilitation program?""","""Yes, you can find and schedule appointments for psychiatric rehabilitation programs through the app."""
"""What are the symptoms of borderline personality disorder (BPD)?""","""Symptoms may include intense and unstable relationships, impulsivity, identity disturbance, chronic feelings of emptiness, and recurrent suicidal behavior or self-harming tendencies."""
"""What is the use of ibuprofen?""","""Ibuprofen is a nonsteroidal anti-inflammatory drug (NSAID) used to relieve pain, reduce inflammation, and lower fever."""
"""Can I use naproxen as an alternative to ibuprofen?""","""Yes, naproxen is another NSAID that can be used as an alternative to ibuprofen for pain relief and inflammation reduction."""
"""What is the use of acetaminophen?""","""Acetaminophen is a pain reliever and fever reducer commonly used to treat mild to moderate pain and fever."""
"""Can I use paracetamol instead of acetaminophen?""","""Yes, paracetamol is another name for acetaminophen and can be used interchangeably for pain relief and fever reduction."""
"""What is the use of diphenhydramine?""","""Diphenhydramine is an antihistamine medication used to relieve symptoms of allergies, such as sneezing, itching, and runny nose, as well as to treat insomnia and motion sickness."""
"""Can I use loratadine as an alternative to diphenhydramine?""","""Yes, loratadine is another antihistamine medication that can be used as an alternative to diphenhydramine for allergy relief without causing drowsiness."""
"""What is the use of omeprazole?""","""Omeprazole is a proton pump inhibitor (PPI) used to reduce stomach acid production and treat conditions such as gastroesophageal reflux disease (GERD), ulcers, and gastritis."""
"""Can I use esomeprazole instead of omeprazole?""","""Yes, esomeprazole is another PPI that can be used as an alternative to omeprazole for reducing stomach acid and treating related conditions."""
"""What is the use of simvastatin?""","""Simvastatin is a statin medication used to lower cholesterol levels in the blood and reduce the risk of heart attack, stroke, and other cardiovascular events."""
"""Can I use atorvastatin as an alternative to simvastatin?""","""Yes, atorvastatin is another statin medication that can be used as an alternative to simvastatin for lowering cholesterol levels and reducing cardiovascular risk."""
"""What is the use of metformin?""","""Metformin is an oral diabetes medication used to improve blood sugar control in individuals with type 2 diabetes by reducing glucose production in the liver and increasing insulin sensitivity in peripheral tissues."""
"""Can I use glipizide instead of metformin?""","""No, glipizide is a sulfonylurea medication that stimulates insulin release from the pancreas and is used to lower blood sugar levels in type 2 diabetes. It is not a substitute for metformin and may have different mechanisms of action and side effects."""
"""What is the use of levothyroxine?""","""Levothyroxine is a synthetic thyroid hormone used to treat hypothyroidism (underactive thyroid) and prevent goiter (enlarged thyroid gland) by replacing or supplementing the body's natural thyroid hormone."""
"""Can I use liothyronine instead of levothyroxine?""","""Liothyronine is another synthetic thyroid hormone medication, but it contains only the active form of thyroid hormone (T3), whereas levothyroxine contains the inactive form (T4), which the body converts to T3 as needed. While liothyronine can be used in certain cases, it is not typically used as a direct substitute for levothyroxine."""
"""What is the use of aspirin?""","""Aspirin is a nonsteroidal anti-inflammatory drug (NSAID) and antiplatelet medication used to relieve pain, reduce inflammation, lower fever, and prevent blood clot formation, which can help reduce the risk of heart attack and stroke."""
"""Can I use clopidogrel instead of aspirin?""","""Clopidogrel is an antiplatelet medication similar to aspirin but works by a different mechanism. While it can be used for similar purposes, such as preventing blood clots, it is not typically used as a direct substitute for aspirin without medical guidance."""
"""What is the use of albuterol?""","""Albuterol is a bronchodilator medication used to relieve symptoms of asthma, chronic obstructive pulmonary disease (COPD), and other respiratory conditions by relaxing the muscles in the airways and improving airflow to the lungs."""
"""Can I use ipratropium bromide as an alternative to albuterol?""","""Ipratropium bromide is another bronchodilator medication that works by a different mechanism than albuterol and is often used in combination with it for treating respiratory conditions. While it can provide relief for some symptoms, it may not be a direct substitute for albuterol in all cases."""
"""What is the use of hydrochlorothiazide?""","""Hydrochlorothiazide is a thiazide diuretic medication used to treat high blood pressure (hypertension) and edema (fluid retention) by increasing urine production and reducing excess fluid volume in the body."""
"""Can I use furosemide instead of hydrochlorothiazide?""","""Furosemide is a loop diuretic medication that works by a different mechanism than hydrochlorothiazide and is typically used for more severe cases of edema or when thiazide diuretics are ineffective. While it can be used for similar purposes, it may not be a direct substitute for hydrochlorothiazide in all cases."""
"""What is the use of fluoxetine?""","""Fluoxetine is a selective serotonin reuptake inhibitor (SSRI) antidepressant medication used to treat depression, obsessive-compulsive disorder (OCD), bulimia nervosa, and panic disorder by increasing serotonin levels in the brain."""
"""Can I use sertraline instead of fluoxetine?""","""Yes, sertraline is another SSRI antidepressant medication that can be used as an alternative to fluoxetine for treating depression, OCD, and other related conditions. However, individual response to medications may vary, so it's essential to consult with a healthcare professional before making a switch."""
"""What is the use of lorazepam?""","""Lorazepam is a benzodiazepine medication used to treat anxiety disorders, seizures, insomnia, and alcohol withdrawal symptoms by enhancing the effects of a neurotransmitter called gamma-aminobutyric acid (GABA) in the brain."""
"""Can I use clonazepam instead of lorazepam?""","""Yes, clonazepam is another benzodiazepine medication that can be used as an alternative to lorazepam for treating similar conditions, such as anxiety disorders, seizures, and panic disorder. However, individual response to medications may vary, so it's essential to consult with a healthcare professional before making a switch."""
"""Can Medamoove help me find a general physician in Delhi?""","""Yes, you can use Medamoove to search for and schedule appointments with general physicians practicing in Delhi."""
"""What are some reputable hospitals in Noida?""","""Some reputable hospitals in Noida include Fortis Hospital, Max Hospital, Jaypee Hospital, Kailash Hospital, and Metro Hospital."""
"""How do I find a pediatrician in Ghaziabad for my child?""","""You can search for pediatricians in Ghaziabad using the Medamoove app and schedule appointments based on your preferences."""
"""Are there any specialized clinics for diabetes management in Greater Noida?""","""Yes, you can find specialized clinics for diabetes management in Greater Noida through the Medamoove app, including those affiliated with hospitals and independent practices."""
"""Can I get a list of cardiologists practicing in Delhi?""","""Yes, you can access a list of cardiologists practicing in Delhi through the Medamoove app, along with their profiles and appointment availability."""
"""What are the top-rated eye hospitals in Delhi-NCR?""","""Some top-rated eye hospitals in Delhi-NCR include AIIMS Delhi, Dr. Shroff's Charity Eye Hospital, Centre for Sight, and Eye7 Chaudhary Eye Centre."""
"""How do I find a dermatologist in Noida for skin-related issues?""","""You can search for dermatologists in Noida using the Medamoove app, filtering by location, specialty, and patient reviews."""
"""Are there any fertility clinics in Ghaziabad?""","""Yes, there are fertility clinics in Ghaziabad that offer services for couples seeking fertility treatment. You can find them through the Medamoove app."""
"""Can I schedule a teleconsultation with a psychiatrist in Delhi?""","""Yes, you can schedule teleconsultations with psychiatrists practicing in Delhi through the Medamoove app, offering convenient access to mental health services."""
"""What are some well-known multispecialty hospitals in Delhi?""","""Some well-known multispecialty hospitals in Delhi include Apollo Hospitals, Sir Ganga Ram Hospital, Max Super Speciality Hospital, Indraprastha Apollo Hospital, and Fortis Escorts Heart Institute."""
"""How do I find a dentist in Greater Noida for routine check-ups?""","""You can search for dentists in Greater Noida through the Medamoove app, which provides information about their specialties, qualifications, and patient reviews."""
"""Are there any rehabilitation centers for physical therapy in Delhi-NCR?""","""Yes, there are rehabilitation centers for physical therapy in Delhi-NCR, offering services for post-injury recovery, stroke rehabilitation, and other rehabilitative needs. You can find them through the Medamoove app."""
"""Can Medamoove help me find a neurologist in Ghaziabad?""","""Yes, you can use Medamoove to search for neurologists in Ghaziabad and schedule appointments based on your preferences and availability."""
"""What are some maternity hospitals in Delhi known for their quality care?""","""Some maternity hospitals in Delhi known for their quality care include Sitaram Bhartia Institute of Science and Research, Fortis La Femme, Max Hospital, and Apollo Cradle."""
"""How do I find an orthopedic surgeon in Noida for knee pain treatment?""","""You can search for orthopedic surgeons in Noida specializing in knee pain treatment through the Medamoove app, which allows you to view their profiles and book appointments online."""
"""Are there any cancer hospitals in Delhi-NCR with advanced treatment facilities?""","""Yes, there are cancer hospitals in Delhi-NCR with advanced treatment facilities, including Rajiv Gandhi Cancer Institute & Research Centre, Max Institute of Cancer Care, BLK Super Speciality Hospital, and Apollo Hospitals."""
"""Can I schedule a home visit from a general physician in Delhi for my elderly parent?""","""Yes, you can schedule home visits from general physicians in Delhi through the Medamoove app, providing convenient healthcare services for elderly patients or those with mobility issues."""
"""What are some renowned heart institutes in Delhi-NCR?""","""Some renowned heart institutes in Delhi-NCR include All India Institute of Medical Sciences (AIIMS), Max Super Speciality Hospital, Fortis Escorts Heart Institute, and Indraprastha Apollo Hospital."""
"""How do I find a gastroenterologist in Ghaziabad for digestive issues?""","""You can search for gastroenterologists in Ghaziabad specializing in digestive issues through the Medamoove app, which offers comprehensive information about their expertise and practice locations."""
"""Are there any holistic wellness centers in Greater Noida?""","""Yes, there are holistic wellness centers in Greater Noida offering integrative healthcare services, including Ayurveda, yoga, naturopathy, and alternative therapies. You can explore them through the Medamoove app."""
"""Can Medamoove help me find a rheumatologist in Delhi?""","""Yes, Medamoove can assist you in locating rheumatologists in Delhi for the treatment of autoimmune and musculoskeletal conditions."""
"""What are some renowned neurosurgery hospitals in Noida?""","""Renowned neurosurgery hospitals in Noida include Metro Hospital, Fortis Hospital, Jaypee Hospital, and Max Hospital, known for their advanced neurosurgical facilities."""
"""How do I find an endocrinologist in Ghaziabad for thyroid-related issues?""","""You can use Medamoove to search for endocrinologists in Ghaziabad specializing in thyroid disorders and other hormonal imbalances."""
"""Are there any psychiatric rehabilitation centers in Greater Noida?""","""Yes, there are psychiatric rehabilitation centers in Greater Noida offering comprehensive treatment programs for individuals with mental health disorders. You can find them through the Medamoove app."""
"""Can I schedule a virtual consultation with an infectious disease specialist in Delhi?""","""Yes, you can schedule virtual consultations with infectious disease specialists in Delhi through the Medamoove app, providing access to expert advice and treatment recommendations."""
"""What are some pediatric hospitals in Noida known for their child-friendly environment?""","""Pediatric hospitals in Noida known for their child-friendly environment include Jaypee Hospital, Kailash Hospital, Fortis Hospital, and Max Hospital, which prioritize the comfort and well-being of young patients."""
"""How do I find a geriatrician in Ghaziabad for elderly care?""","""You can search for geriatricians in Ghaziabad specializing in elderly care through the Medamoove app, facilitating personalized healthcare services for older adults."""
"""Are there any specialized clinics for sports medicine in Greater Noida?""","""Yes, there are specialized clinics for sports medicine in Greater Noida offering treatment for sports-related injuries and performance enhancement strategies. You can explore them through the Medamoove app."""
"""Can Medamoove help me find an ENT specialist in Delhi for sinus issues?""","""Yes, Medamoove can help you find ENT specialists in Delhi specializing in the diagnosis and treatment of sinus problems and other ear, nose, and throat conditions."""
"""What are some reputable dental clinics in Noida for cosmetic dentistry?""","""Reputable dental clinics in Noida offering cosmetic dentistry services include Dental Solutions, Axiss Dental Clinic, Smyle Kraft Multi-Speciality Dental Care, and Dr. Chauhan's Dental Clinic."""
"""How do I find a urologist in Ghaziabad for urinary tract issues?""","""You can use the Medamoove app to search for urologists in Ghaziabad specializing in the diagnosis and treatment of urinary tract disorders, kidney stones, and other urological conditions."""
"""Are there any home healthcare agencies in Greater Noida offering nursing care services?""","""Yes, there are home healthcare agencies in Greater Noida providing nursing care services for patients recovering from illness or surgery, elderly individuals needing assistance, and those with chronic medical conditions. You can find them through the Medamoove app."""
"""Can I schedule a teleconsultation with a gastroenterologist in Delhi for digestive issues?""","""Yes, you can schedule teleconsultations with gastroenterologists in Delhi through the Medamoove app, allowing you to discuss digestive problems and receive medical advice from the comfort of your home."""
"""What are some leading eye clinics in Noida offering LASIK surgery?""","""Leading eye clinics in Noida offering LASIK surgery include Sharp Sight Centre, Maxivision Eye Hospital, Eye Health Clinic, and I-Sight Eye Care and Surgery."""
"""How do I find a speech therapist in Ghaziabad for speech-language disorders?""","""You can search for speech therapists in Ghaziabad specializing in speech-language disorders through the Medamoove app, which provides information about their expertise and practice locations."""
"""Are there any addiction treatment centers in Greater Noida providing rehabilitation programs?""","""Yes, there are addiction treatment centers in Greater Noida offering comprehensive rehabilitation programs for individuals struggling with substance abuse and addiction. You can explore them through the Medamoove app."""
"""Can Medamoove help me find a fertility specialist in Delhi for infertility treatment?""","""Yes, Medamoove can assist you in locating fertility specialists in Delhi who specialize in diagnosing and treating infertility issues, providing personalized fertility treatment plans."""
"""What are some well-known oncology hospitals in Noida for cancer treatment?""","""Well-known oncology hospitals in Noida for cancer treatment include Metro Hospital, Fortis Hospital, Jaypee Hospital, and Max Hospital, equipped with advanced cancer care facilities and experienced oncology teams."""
"""How do I find a physiotherapist in Ghaziabad for rehabilitation after surgery?""","""You can use the Medamoove app to search for physiotherapists in Ghaziabad specializing in post-surgery rehabilitation, offering personalized treatment plans to aid in recovery and improve mobility."""
"""Are there any mental health clinics in Greater Noida offering counseling services?""","""Yes, there are mental health clinics in Greater Noida offering counseling services for individuals dealing with stress, anxiety, depression, and other mental health issues. You can find them through the Medamoove app."""
"""Can I schedule a home visit from a cardiologist in Delhi for a cardiac evaluation?""","""Yes, you can schedule home visits from cardiologists in Delhi through the Medamoove app, allowing for convenient cardiac evaluations and follow-up care for patients with heart-related concerns."""
"""What are some renowned plastic surgery clinics in Noida for cosmetic procedures?""","""Renowned plastic surgery clinics in Noida offering cosmetic procedures include Aesthetica360, Enhance Clinics, Clinic Elegance, and Cocoona Centre for Aesthetic Transformation."""
"""How do I find an infectious disease specialist in Ghaziabad for infectious conditions?""","""You can search for infectious disease specialists in Ghaziabad through the Medamoove app, which provides access to experienced physicians specializing in the diagnosis and treatment of infectious diseases."""
"""Are there any wellness retreats in Greater Noida offering holistic health programs?""","""Yes, there are wellness retreats in Greater Noida offering holistic health programs focusing on physical, mental, and emotional well-being. You can explore them through the Medamoove app."""
"""How do I request an ambulance in Delhi for medical emergencies?""","""You can request an ambulance in Delhi by dialing the emergency helpline number 102 or 108, or through mobile apps like Uber, Ola, or Medamoove, which provide ambulance booking services."""
"""Are there any private ambulance services in Noida for non-emergency medical transportation?""","""Yes, there are private ambulance services in Noida offering non-emergency medical transportation for patients requiring hospital transfers, medical appointments, and other healthcare-related travel. You can find them through the Medamoove app."""
"""Can I book an ambulance in Ghaziabad for intercity medical transfers?""","""Yes, you can book ambulances in Ghaziabad for intercity medical transfers through private ambulance operators or online platforms like Medamoove, which facilitate long-distance ambulance services with trained medical staff and necessary equipment."""
"""What are some ambulance dispatch centers in Greater Noida for quick response to emergencies?""","""Ambulance dispatch centers in Greater Noida for quick response to emergencies include government-run helpline numbers 102 and 108, as well as private ambulance operators offering 24/7 emergency services."""
"""How do I find blood banks in Delhi for blood donations or emergency transfusions?""","""You can search for blood banks in Delhi through the Medamoove app, which provides information about their locations, contact details, and blood donation procedures, ensuring timely access to blood supplies for patients in need."""
"""Are there any 24-hour pharmacies in Noida for emergency medication refills?""","""Yes, there are 24-hour pharmacies in Noida offering emergency medication refills and prescription dispensing services round-the-clock, providing convenience and accessibility for patients requiring urgent medical supplies. You can find them through the Medamoove app."""
"""Can I find public toilets in Ghaziabad for convenience while traveling?""","""Yes, you can find public toilets in Ghaziabad at various locations such as bus terminals, railway stations, markets, and parks, providing accessible restroom facilities for residents and visitors. You can also use mobile apps like Swachh Bharat Toilet Locator to locate nearby public toilets."""
"""What are some community centers in Greater Noida offering recreational activities and amenities?""","""Community centers in Greater Noida offering recreational activities and amenities include Jagat Farm Community Centre, Gamma 1 Community Centre, and Ansal Plaza Community Centre, providing spaces for social gatherings, cultural events, sports, and leisure activities."""
"""How do I locate police stations in Delhi-NCR for reporting emergencies or seeking assistance?""","""You can locate police stations in Delhi-NCR by contacting the local police helpline numbers, visiting the official Delhi Police website, or using online mapping services like Google Maps, which provide information about police station locations, contact details, and services offered."""
"""Are there any public parks in Noida offering green spaces for relaxation and recreation?""","""Yes, there are public parks in Noida offering green spaces for relaxation and recreation, including Botanical Garden, Worlds of Wonder (WOW) Amusement Park, Shaheed Smarak Park, and City Park, providing opportunities for outdoor activities, picnics, and leisurely strolls."""
"""Can I find fire stations in Ghaziabad for fire safety and emergency response?""","""Yes, you can find fire stations in Ghaziabad by contacting the local fire department helpline numbers, visiting the official Ghaziabad Fire Department website, or using online mapping services like Google Maps, which provide information about fire station locations, contact details, and emergency response procedures."""
"""What are some public libraries in Greater Noida offering educational resources and reading facilities?""","""Public libraries in Greater Noida offering educational resources and reading facilities include Greater Noida Central Library, Knowledge Park Library, and Knowledge Park II Library, providing access to books, periodicals, study materials, and internet services for students and avid readers."""
"""How do I locate community health centers in Delhi-NCR for primary healthcare services?""","""You can locate community health centers in Delhi-NCR by contacting the local health department helpline numbers, visiting the official government health department websites, or using online mapping services like Google Maps, which provide information about health center locations, services offered, and operating hours."""
"""Are there any playgrounds in Noida equipped with sports facilities for children and adults?""","""Yes, there are playgrounds in Noida equipped with sports facilities for children and adults, including Sector 21 Park, Noida Stadium, and Kendriya Vihar Park, providing spaces for outdoor sports, fitness activities, and recreational games."""
"""Can I find community halls in Ghaziabad for social events and gatherings?""","""Yes, you can find community halls in Ghaziabad available for rent for social events and gatherings, including wedding receptions, birthday parties, meetings, and cultural functions. You can inquire about availability and booking procedures through the local municipal authorities or community center management."""
"""What are some shopping malls in Greater Noida offering retail therapy and entertainment options?""","""Shopping malls in Greater Noida offering retail therapy and entertainment options include The Great India Place (TGIP), DLF Mall of India, Gardens Galleria Mall, and Omaxe Connaught Place, providing a wide range of stores, restaurants, cinemas, and recreational activities for shoppers and visitors."""
"""How do I locate community centers in Delhi-NCR offering social services and support programs?""","""You can locate community centers in Delhi-NCR by contacting local NGOs, charitable organizations, or government agencies involved in community development and welfare activities, which provide social services, support programs, and assistance to vulnerable populations such as the elderly, homeless, and underprivileged."""
"""Are there any sports complexes in Noida offering fitness facilities and training programs?""","""Yes, there are sports complexes in Noida offering fitness facilities and training programs for various sports and recreational activities, including golf, tennis, swimming, cricket, and badminton. Some notable sports complexes include Jaypee Greens Sports City, Sector 21 Stadium, and Noida Golf Course."""
"""Can I find public swimming pools in Ghaziabad for recreational swimming and aquatic activities?""","""Yes, you can find public swimming pools in Ghaziabad offering recreational swimming and aquatic activities, including sports complexes, community centers, and water parks. You can inquire about admission fees, operating hours, and safety regulations at the respective facilities."""
"""What are some cultural centers in Greater Noida promoting arts, music, and performing arts?""","""Cultural centers in Greater Noida promoting arts, music, and performing arts include Alpha Cultural Complex, Habitat Centre, and Paryatan Bhawan, organizing exhibitions, concerts, theater productions, workshops, and cultural events to showcase local talent and foster creativity."""
"""How do I locate post offices in Delhi-NCR for postal services and mail delivery?""","""You can locate post offices in Delhi-NCR by using online mapping services like Google Maps, visiting the official India Post website, or contacting the local postal authorities, which provide information about post office locations, services offered, and business hours."""
